nombre,apellido
Rodrigo,Gomez
Alberto,Flores
Daniela,Mendoza
Manuel,Flores
Renata,Blanco
Laura,Cardenas
Francisco,Vega
Danilo,Guerrero
Silvia,Espinoza
Alicia,Salazar
Maria,Perez
Isabel,Morales
Eduardo,Reyes
Emilia,Nunez
Cristopher,Figueroa
Carlos,Acosta
Enrique,Mejia
Camila,Espinoza
Luis,Figueroa
Catalina,Figueroa
Camila,Soto
Gabriel,Mejia
Sofia,Cortes
Sara,Salazar
Paula,Lopez
Ricardo,Flores
Ana,Vasquez
Daniela,Gutierrez
Mariana,Rivera
Carlos,Soto
Isabel,Ferrer
Juan,Sosa
Danilo,Diaz
Nicolas,Torres
Felipe,Rojas
Carlos,Campos
Gabriel,Vega
Francisco,Nunez
Rosa,Garcia
Sara,Ferrer
Laura,Benitez
Emilia,Hernandez
Raul,Garcia
Juan,Gomez
Sara,Pineda
Patricio,Blanco
Ricardo,Romero
Francisco,Fernandez
Leonardo,Diaz
Laura,Guerrero
Alicia,Paredes
Alberto,Rivera
Fernando,Ortega
Alicia,Fernandez
Leonardo,Morales
Emilia,Benitez
Catalina,Robles
Sergio,Rodriguez
Leonardo,Guerrero
Camila,Miranda
Danilo,Alvarez
Francisco,Reyes
Marcos,Ruiz
Patricio,Vargas
Martina,Castellanos
Teresa,Cardenas
Paula,Espinoza
Laura,Robles
Valeria,Torres
Andres,Jimenez
Valentina,Soto
Sebastian,Paredes
Lucia,Ramos
Renata,Castellanos
Victoria,Gomez
Esteban,Sosa
Silvia,Gomez
Elena,Medina
Victoria,Salazar
Valeria,Espinoza
Leonardo,Cortes
Sergio,Guerrero
Angela,Silva
Cristopher,Aguilar
Raul,Perez
Francisco,Miranda
Paula,Torres
Andres,Nunez
Paula,Gutierrez
Raul,Sanchez
Nicolas,Torres
Paula,Ortega
Angela,Diaz
Rosa,Rojas
Juan,Robles
Danilo,Castellanos
Victoria,Navarro
Sofia,Ruiz
Javier,Suarez
Juan,Guerrero
Alicia,Morales
Laura,Nunez
Diego,Moreno
Pedro,Diaz
Alicia,Lopez
Hugo,Castro
Sebastian,Salazar
Matias,Sanchez
Matias,Espinoza
Marta,Alvarez
Isabel,Perez
Manuel,Cruz
Felipe,Ramos
Maria,Ramos
Alberto,Mendoza
Silvia,Reyes
Maria,Cortes
Victoria,Navarro
Pablo,Jimenez
Mariana,Silva
Elena,Campos
Luciana,Garcia
Cristobal,Ferrer
Luciana,Martinez
Laura,Paredes
Enrique,Rivera
Sara,Torres
Sofia,Soto
Javier,Romero
Cristopher,Medina
Pablo,Cruz
Rodrigo,Rojas
Elena,Ferrer
Leonardo,Nunez
Nicolas,Acosta
Marcos,Fernandez
Nicolas,Martinez
Fernando,Espinoza
Carlos,Cortes
Pedro,Paredes
Victoria,Perez
Gonzalo,Ramos
Patricio,Gutierrez
Patricio,Ruiz
Catalina,Jimenez
Matias,Lopez
Marcos,Salazar
Eduardo,Cruz
Pedro,Gutierrez
Camila,Martinez
Felipe,Cruz
Pedro,Garcia
Felipe,Carrasco
Juan,Robles
Valeria,Castellanos
Danilo,Cortes
Nicolas,Lozano
Juan,Castro
Marta,Vasquez
Enrique,Rodriguez
Patricio,Guerrero
Fabio,Diaz
Diego,Cruz
Andrea,Miranda
Luis,Alvarez
Silvia,Morales
Martina,Blanco
Lucia,Vega
Juan,Garcia
Andres,Cortes
Valentina,Navarro
Clara,Castillo
Alberto,Herrera
Rodrigo,Herrera
Catalina,Cortes
Valeria,Silva
Marta,Morales
Esteban,Pineda
Andrea,Reyes
Rodrigo,Lozano
Mariana,Suarez
Sofia,Sanchez
Valentina,Moreno
Felipe,Hernandez
Silvia,Torres
Alicia,Martinez
Nicolas,Cabrera
Silvia,Gutierrez
Esteban,Ordoñez
Eduardo,Silva
Marta,Reyes
Julian,Navarro
Sebastian,Lopez
Hugo,Benitez
Diego,Mendoza
Pablo,Gutierrez
Felipe,Guerrero
Maria,Castillo
Javier,Cabrera
Leonardo,Alvarez
Elena,Sanchez
Nicolas,Acosta
Sebastian,Martinez
Javier,Castellanos
Fabio,Reyes
Sara,Aguilar
Leonardo,Sanchez
Catalina,Flores
Ignacio,Cardenas
Fabio,Gomez
Matias,Sanchez
Maria,Reyes
Catalina,Navarro
Eduardo,Robles
Sergio,Castillo
Silvia,Guerrero
Daniela,Salazar
Esteban,Castro
Alberto,Nunez
Laura,Ramos
Clara,Miranda
Eduardo,Flores
Sebastian,Cruz
Alicia,Navarro
Danilo,Acosta
Fabio,Vasquez
Andres,Perez
Leonardo,Romero
Lucia,Robles
Maria,Silva
Valentina,Robles
Laura,Ortega
Sofia,Robles
Manuel,Lopez
Sebastian,Salazar
Valentina,Soto
Nicolas,Suarez
Luciana,Espinoza
Luis,Sanchez
Alberto,Ferrer
Ignacio,Mendoza
Carlos,Castro
Alicia,Morales
Hugo,Acosta
Martina,Castro
Esteban,Fernandez
Felipe,Silva
Martina,Perez
Pedro,Ortega
Clara,Figueroa
Marta,Alvarez
Martina,Jimenez
Ignacio,Silva
Catalina,Sanchez
Manuel,Ferrer
Gabriel,Mendoza
Silvia,Miranda
Maria,Vasquez
Ana,Ordoñez
Ricardo,Figueroa
Sergio,Reyes
Felipe,Hernandez
Enrique,Aguilar
Valeria,Torres
Renata,Miranda
Juan,Paredes
Javier,Rojas
Catalina,Rojas
Rosa,Vasquez
Silvia,Diaz
Ana,Alvarez
Pedro,Lopez
Francisco,Molina
Alberto,Medina
Gonzalo,Moreno
Lucia,Ordoñez
Angela,Pineda
Isabel,Suarez
Martina,Hernandez
Carmen,Soto
Felipe,Espinoza
Sebastian,Castro
Sara,Nunez
Ricardo,Acosta
Diego,Castro
Andres,Acosta
Martina,Ramos
Andrea,Morales
Andres,Miranda
Renata,Ramos
Rosa,Reyes
Sebastian,Silva
Catalina,Moreno
Andres,Nunez
Pablo,Reyes
Hugo,Reyes
Lucia,Ramos
Rosa,Flores
Alicia,Pineda
Carlos,Salazar
Marta,Cabrera
Manuel,Medina
Daniela,Hernandez
Alicia,Torres
Pedro,Nunez
Felipe,Vega
Ricardo,Morales
Manuel,Diaz
Esteban,Aguilar
Eduardo,Morales
Sergio,Herrera
Fernando,Navarro
Danilo,Flores
Matias,Mendoza
Luciana,Flores
Julian,Campos
Teresa,Espinoza
Javier,Soto
Hugo,Vasquez
Mariana,Reyes
Rosa,Garcia
Ricardo,Cabrera
Silvia,Nunez
Emilia,Reyes
Javier,Flores
Valeria,Ruiz
Teresa,Mejia
Sara,Fernandez
Esteban,Flores
Camila,Castro
Rosa,Castro
Camila,Navarro
Andres,Guerrero
Elena,Morales
Carlos,Rodriguez
Luis,Romero
Laura,Navarro
Francisco,Castellanos
Fernando,Cruz
Sofia,Campos
Sara,Robles
Ana,Vasquez
Andres,Perez
Elena,Castellanos
Ignacio,Navarro
Esteban,Suarez
Ana,Lopez
Fabio,Paredes
Pablo,Fernandez
Manuel,Mendoza
Catalina,Navarro
Danilo,Ferrer
Silvia,Castro
Elena,Vargas
Cristobal,Torres
Rosa,Robles
Andres,Medina
Matias,Vargas
Ignacio,Acosta
Enrique,Ramos
Silvia,Blanco
Nicolas,Gomez
Mariana,Cardenas
Sergio,Soto
Sergio,Castillo
Alicia,Cabrera
Rosa,Campos
Silvia,Ramos
Marta,Suarez
Renata,Ruiz
Carmen,Navarro
Valeria,Miranda
Andrea,Morales
Paula,Mejia
Mariana,Vega
Manuel,Nunez
Patricio,Perez
Javier,Ruiz
Cristobal,Castro
Rosa,Perez
Cristopher,Rojas
Renata,Lopez
Sebastian,Blanco
Camila,Morales
Catalina,Sosa
Felipe,Lozano
Fabio,Molina
Valentina,Vasquez
Juan,Rojas
Raul,Navarro
Alicia,Nunez
Lucia,Silva
Alberto,Castellanos
Gabriel,Molina
Diego,Rodriguez
Ana,Figueroa
Andrea,Robles
Andres,Medina
Ricardo,Cabrera
Camila,Diaz
Fabio,Castro
Sebastian,Morales
Valentina,Navarro
Laura,Castro
Marcos,Benitez
Sara,Cardenas
Marcos,Castellanos
Renata,Cardenas
Sara,Ordoñez
Sara,Soto
Patricio,Alvarez
Victoria,Medina
Laura,Castro
Laura,Mendoza
Sara,Figueroa
Felipe,Romero
Victoria,Reyes
Francisco,Medina
Gabriel,Robles
Valentina,Ferrer
Rodrigo,Diaz
Paula,Acosta
Maria,Ferrer
Carmen,Lozano
Maria,Suarez
Francisco,Martinez
Patricio,Sosa
Matias,Torres
Daniela,Navarro
Ignacio,Reyes
Renata,Blanco
Valeria,Jimenez
Pedro,Moreno
Victoria,Suarez
Sebastian,Figueroa
Laura,Ruiz
Danilo,Robles
Isabel,Martinez
Victoria,Hernandez
Sara,Navarro
Renata,Benitez
Hugo,Castellanos
Pedro,Mendoza
Enrique,Blanco
Mariana,Miranda
Isabel,Ferrer
Mariana,Medina
Gabriel,Benitez
Luciana,Aguilar
Javier,Castellanos
Enrique,Figueroa
Ricardo,Mejia
Rodrigo,Guerrero
Marta,Mejia
Marcos,Herrera
Teresa,Cruz
Enrique,Castillo
Maria,Benitez
Gabriel,Ruiz
Esteban,Lozano
Renata,Ferrer
Patricio,Martinez
Pedro,Vasquez
Patricio,Espinoza
Alicia,Miranda
Nicolas,Gomez
Marta,Cardenas
Renata,Espinoza
Carlos,Lozano
Carmen,Robles
Carmen,Aguilar
Alberto,Mejia
Sara,Blanco
Ricardo,Diaz
Andres,Navarro
Cristobal,Espinoza
Gonzalo,Mejia
Catalina,Nunez
Sebastian,Herrera
Renata,Rodriguez
Rosa,Cabrera
Patricio,Torres
Cristopher,Pineda
Gabriel,Ramos
Diego,Soto
Luis,Rodriguez
Daniela,Paredes
Enrique,Suarez
Andrea,Morales
Javier,Carrasco
Felipe,Benitez
Nicolas,Soto
Maria,Herrera
Nicolas,Salazar
Pablo,Blanco
Paula,Castro
Andrea,Molina
Cristopher,Aguilar
Mariana,Benitez
Nicolas,Rodriguez
Angela,Rodriguez
Felipe,Nunez
Carlos,Sosa
Isabel,Romero
Alicia,Ramos
Julian,Ortega
Laura,Miranda
Andres,Alvarez
Clara,Herrera
Teresa,Cortes
Alberto,Navarro
Nicolas,Lozano
Gabriel,Figueroa
Felipe,Nunez
Rodrigo,Mejia
Andrea,Soto
Marcos,Romero
Silvia,Pineda
Luis,Moreno
Lucia,Soto
Valentina,Rojas
Fernando,Salazar
Marcos,Espinoza
Cristobal,Jimenez
Silvia,Medina
Angela,Paredes
Sara,Miranda
Julian,Vargas
Laura,Miranda
Danilo,Martinez
Victoria,Gomez
Sara,Castillo
Paula,Castellanos
Patricio,Rojas
Raul,Ferrer
Teresa,Castellanos
Enrique,Soto
Camila,Blanco
Teresa,Paredes
Nicolas,Aguilar
Marta,Castillo
Leonardo,Nunez
Patricio,Suarez
Daniela,Acosta
Paula,Sosa
Matias,Cruz
Gabriel,Aguilar
Gonzalo,Ordoñez
Camila,Vargas
Sara,Acosta
Victoria,Sosa
Ricardo,Mejia
Laura,Acosta
Mariana,Navarro
Francisco,Soto
Elena,Guerrero
Alicia,Vasquez
Javier,Rojas
Luciana,Vega
Martina,Silva
Carlos,Aguilar
Daniela,Aguilar
Sara,Blanco
Sergio,Sosa
Silvia,Cabrera
Felipe,Diaz
Teresa,Gutierrez
Elena,Salazar
Sergio,Martinez
Alberto,Reyes
Luciana,Benitez
Ricardo,Acosta
Enrique,Figueroa
Alberto,Miranda
Valentina,Silva
Manuel,Reyes
Esteban,Silva
Marcos,Rivera
Diego,Rojas
Marcos,Ortega
Daniela,Martinez
Gonzalo,Guerrero
Patricio,Molina
Lucia,Morales
Rosa,Aguilar
Cristopher,Diaz
Andres,Cardenas
Julian,Morales
Enrique,Ferrer
Laura,Navarro
Lucia,Gutierrez
Leonardo,Silva
Francisco,Cortes
Ana,Hernandez
Victoria,Rivera
Raul,Suarez
Carlos,Cortes
Sara,Mendoza
Valeria,Rojas
Valentina,Sanchez
Paula,Ordoñez
Daniela,Pineda
Renata,Cabrera
Eduardo,Silva
Paula,Figueroa
Clara,Lopez
Isabel,Lozano
Julian,Espinoza
Catalina,Lopez
Luciana,Herrera
Maria,Campos
Manuel,Ordoñez
Paula,Castillo
Carlos,Silva
Cristobal,Pineda
Valentina,Sanchez
Danilo,Cabrera
Sebastian,Fernandez
Patricio,Campos
Laura,Alvarez
Nicolas,Cabrera
Silvia,Vargas
Juan,Miranda
Renata,Espinoza
Silvia,Ferrer
Felipe,Reyes
Valentina,Cruz
Rodrigo,Cardenas
Juan,Mendoza
Raul,Hernandez
Silvia,Mendoza
Ricardo,Molina
Fabio,Jimenez
Julian,Paredes
Sergio,Rivera
Alberto,Robles
Pedro,Blanco
Martina,Nunez
Nicolas,Gutierrez
Francisco,Gomez
Ana,Molina
Hugo,Suarez
Ignacio,Figueroa
Gonzalo,Navarro
Pablo,Flores
Ricardo,Robles
Victoria,Blanco
Elena,Ramos
Rosa,Sanchez
Juan,Rojas
Raul,Medina
Valeria,Lopez
Lucia,Cruz
Ana,Ramos
Luis,Aguilar
Maria,Garcia
Fernando,Nunez
Fabio,Alvarez
Cristopher,Romero
Catalina,Blanco
Andrea,Espinoza
Alberto,Silva
Andres,Blanco
Alicia,Diaz
Maria,Lozano
Ricardo,Alvarez
Cristopher,Aguilar
Lucia,Guerrero
Sergio,Moreno
Luciana,Soto
Patricio,Moreno
Marta,Suarez
Juan,Ruiz
Luis,Castellanos
Alicia,Herrera
Alberto,Figueroa
Emilia,Silva
Valentina,Sosa
Rodrigo,Castellanos
Silvia,Cruz
Felipe,Medina
Julian,Miranda
Julian,Lopez
Cristopher,Rodriguez
Catalina,Hernandez
Gonzalo,Espinoza
Fabio,Robles
Sara,Campos
Fernando,Silva
Valeria,Paredes
Danilo,Espinoza
Laura,Cabrera
Pablo,Mendoza
Daniela,Ordoñez
Juan,Guerrero
Gonzalo,Sanchez
Paula,Fernandez
Manuel,Cardenas
Nicolas,Miranda
Ana,Silva
Sara,Diaz
Cristobal,Salazar
Angela,Cruz
Valeria,Torres
Angela,Robles
Isabel,Lopez
Hugo,Carrasco
Sofia,Morales
Manuel,Jimenez
Marta,Cardenas
Esteban,Benitez
Victoria,Gutierrez
Cristobal,Jimenez
Fabio,Jimenez
Rodrigo,Garcia
Ana,Castillo
Gonzalo,Lozano
Pablo,Hernandez
Andres,Lopez
Ricardo,Cruz
Paula,Figueroa
Sara,Molina
Victoria,Gutierrez
Lucia,Diaz
Alberto,Sanchez
Gabriel,Cardenas
Rodrigo,Mendoza
Ignacio,Navarro
Danilo,Benitez
Julian,Moreno
Raul,Navarro
Gabriel,Moreno
Fernando,Vargas
Carlos,Mejia
Ana,Blanco
Isabel,Acosta
Marta,Lozano
Camila,Soto
Luciana,Molina
Hugo,Sosa
Emilia,Soto
Julian,Lopez
Enrique,Medina
Rodrigo,Paredes
Gabriel,Rojas
Francisco,Aguilar
Carmen,Vega
Alberto,Blanco
Nicolas,Ruiz
Valeria,Mendoza
Hugo,Martinez
Martina,Torres
Fernando,Cruz
Victoria,Castro
Carmen,Blanco
Alberto,Lozano
Matias,Vasquez
Laura,Acosta
Rosa,Lopez
Esteban,Sanchez
Luciana,Cardenas
Ricardo,Soto
Laura,Perez
Matias,Ruiz
Patricio,Molina
Gabriel,Lopez
Cristopher,Flores
Catalina,Herrera
Paula,Ferrer
Sebastian,Reyes
Elena,Jimenez
Alicia,Ramos
Paula,Silva
Emilia,Cardenas
Silvia,Vasquez
Juan,Sosa
Victoria,Campos
Valeria,Cardenas
Camila,Suarez
Lucia,Blanco
Rosa,Rodriguez
Pablo,Lopez
Sebastian,Silva
Hugo,Morales
Camila,Ramos
Cristobal,Acosta
Luciana,Sanchez
Manuel,Espinoza
Valeria,Miranda
Leonardo,Diaz
Matias,Navarro
Pablo,Sosa
Valentina,Robles
Cristopher,Fernandez
Juan,Cortes
Laura,Lopez
Juan,Molina
Renata,Salazar
Daniela,Medina
Maria,Campos
Rodrigo,Figueroa
Sergio,Espinoza
Valentina,Vargas
Paula,Cardenas
Gabriel,Mendoza
Patricio,Paredes
Catalina,Vargas
Paula,Mejia
Sergio,Miranda
Andrea,Acosta
Marcos,Aguilar
Clara,Miranda
Esteban,Ruiz
Teresa,Morales
Andrea,Guerrero
Carmen,Rivera
Matias,Nunez
Ana,Castro
Sergio,Castellanos
Felipe,Figueroa
Gonzalo,Figueroa
Valentina,Mendoza
Julian,Sanchez
Ricardo,Ortega
Rosa,Espinoza
Raul,Molina
Paula,Martinez
Valentina,Carrasco
Luciana,Espinoza
Maria,Campos
Alberto,Martinez
Manuel,Suarez
Cristopher,Campos
Ana,Ruiz
Cristobal,Molina
Andres,Rojas
Fernando,Sosa
Maria,Castillo
Rosa,Cardenas
Sofia,Vasquez
Ricardo,Silva
Paula,Vargas
Pablo,Fernandez
Camila,Vega
Maria,Ordoñez
Julian,Sosa
Eduardo,Salazar
Catalina,Martinez
Fabio,Torres
Esteban,Navarro
Sebastian,Suarez
Julian,Aguilar
Laura,Flores
Julian,Ordoñez
Teresa,Moreno
Nicolas,Blanco
Marcos,Silva
Alberto,Figueroa
Valentina,Morales
Marta,Torres
Alicia,Lozano
Rosa,Carrasco
Laura,Robles
Fernando,Lopez
Pablo,Pineda
Marcos,Nunez
Martina,Figueroa
Laura,Diaz
Matias,Ruiz
Andrea,Fernandez
Fabio,Ortega
Luis,Carrasco
Maria,Silva
Victoria,Gomez
Paula,Ortega
Patricio,Garcia
Rosa,Garcia
Gabriel,Castellanos
Rosa,Medina
Andrea,Ferrer
Leonardo,Torres
Alberto,Flores
Daniela,Cabrera
Silvia,Moreno
Paula,Soto
Rosa,Vargas
Catalina,Jimenez
Ignacio,Robles
Sofia,Blanco
Javier,Herrera
Martina,Cortes
Sara,Ruiz
Matias,Reyes
Catalina,Ferrer
Cristopher,Mejia
Paula,Hernandez
Carmen,Morales
Danilo,Soto
Juan,Perez
Valeria,Lozano
Carlos,Romero
Laura,Soto
Marta,Romero
Carmen,Mendoza
Valentina,Soto
Andrea,Ordoñez
Camila,Lozano
Emilia,Hernandez
Patricio,Garcia
Alberto,Jimenez
Raul,Herrera
Fabio,Romero
Fernando,Moreno
Luciana,Romero
Martina,Silva
Elena,Suarez
Fabio,Navarro
Cristobal,Campos
Angela,Jimenez
Marcos,Martinez
Sergio,Garcia
Nicolas,Salazar
Luciana,Ramos
Luis,Fernandez
Lucia,Vega
Pablo,Cortes
Rosa,Vargas
Daniela,Molina
Ricardo,Suarez
Andrea,Moreno
Andres,Mejia
Juan,Campos
Ricardo,Pineda
Victoria,Blanco
Alberto,Diaz
Valentina,Moreno
Matias,Vargas
Pablo,Fernandez
Ana,Mendoza
Andres,Campos
Silvia,Ruiz
Alberto,Nunez
Martina,Vasquez
Raul,Herrera
Luis,Cortes
Leonardo,Cruz
Hugo,Castillo
Angela,Mejia
Valentina,Cruz
Fabio,Hernandez
Rosa,Diaz
Hugo,Martinez
Maria,Vega
Catalina,Alvarez
Julian,Vega
Esteban,Suarez
Rosa,Moreno
Catalina,Nunez
Marta,Castro
Raul,Ferrer
Esteban,Castillo
Javier,Silva
Andres,Vega
Marta,Perez
Andres,Morales
Rodrigo,Morales
Isabel,Garcia
Pablo,Aguilar
Paula,Benitez
Angela,Vega
Sara,Rojas
Alberto,Gomez
Esteban,Vega
Pedro,Benitez
Nicolas,Sosa
Elena,Hernandez
Ricardo,Vasquez
Enrique,Jimenez
Alicia,Sosa
Felipe,Castillo
Cristobal,Rojas
Luis,Vasquez
Juan,Figueroa
Sebastian,Sosa
Francisco,Carrasco
Ignacio,Miranda
Enrique,Ferrer
Sofia,Rodriguez
Felipe,Mejia
Paula,Silva
Patricio,Pineda
Andrea,Silva
Gabriel,Lozano
Victoria,Carrasco
Pedro,Blanco
Gabriel,Cruz
Rosa,Hernandez
Patricio,Molina
Fabio,Hernandez
Eduardo,Suarez
Alicia,Romero
Carmen,Lozano
Alberto,Guerrero
Valentina,Alvarez
Carmen,Paredes
Marcos,Vargas
Enrique,Lopez
Gonzalo,Lozano
Valentina,Carrasco
Fabio,Miranda
Gonzalo,Hernandez
Marcos,Miranda
Valeria,Fernandez
Andres,Molina
Renata,Cruz
Elena,Suarez
Leonardo,Vasquez
Pablo,Campos
Marcos,Suarez
Francisco,Diaz
Ignacio,Vargas
Alicia,Hernandez
Danilo,Medina
Pablo,Pineda
Raul,Perez
Diego,Castro
Camila,Lopez
Camila,Mejia
Carlos,Guerrero
Silvia,Torres
Isabel,Molina
Sebastian,Garcia
Pedro,Robles
Francisco,Cruz
Alberto,Garcia
Marta,Cortes
Cristobal,Ramos
Laura,Nunez
Victoria,Ortega
Alberto,Reyes
Luis,Silva
Eduardo,Ferrer
Elena,Vasquez
Gabriel,Vega
Marcos,Medina
Eduardo,Alvarez
Enrique,Torres
Luis,Ramos
Juan,Castro
Luciana,Castro
Rosa,Navarro
Carmen,Benitez
Hugo,Cabrera
Manuel,Ruiz
Javier,Reyes
Laura,Castro
Enrique,Rivera
Martina,Medina
Javier,Nunez
Daniela,Espinoza
Fernando,Alvarez
Eduardo,Soto
Angela,Blanco
Luis,Gutierrez
Carlos,Martinez
Sergio,Robles
Luciana,Gutierrez
Fernando,Hernandez
Clara,Garcia
Daniela,Vega
Daniela,Fernandez
Hugo,Aguilar
Luciana,Lozano
Luis,Garcia
Danilo,Lozano
Luciana,Rodriguez
Luis,Ferrer
Valentina,Torres
Emilia,Ordoñez
Luis,Vega
Sara,Rivera
Renata,Navarro
Manuel,Castillo
Gonzalo,Ruiz
Isabel,Vega
Luis,Sanchez
Hugo,Garcia
Maria,Rodriguez
Hugo,Castro
Carmen,Salazar
Isabel,Silva
Mariana,Castillo
Ignacio,Ortega
Rodrigo,Flores
Daniela,Carrasco
Daniela,Lozano
Silvia,Nunez
Ricardo,Ferrer
Andres,Morales
Manuel,Vega
Raul,Suarez
Angela,Blanco
Angela,Carrasco
Francisco,Silva
Daniela,Cruz
Andres,Silva
Sebastian,Vasquez
Clara,Lozano
Valeria,Ramos
Isabel,Cruz
Hugo,Alvarez
Elena,Garcia
Mariana,Herrera
Diego,Medina
Francisco,Carrasco
Valentina,Alvarez
Victoria,Perez
Javier,Morales
Fabio,Aguilar
Esteban,Rodriguez
Hugo,Espinoza
Martina,Carrasco
Daniela,Pineda
Elena,Moreno
Angela,Morales
Paula,Castillo
Patricio,Ramos
Angela,Benitez
Angela,Rivera
Emilia,Torres
Patricio,Flores
Ana,Miranda
Andrea,Figueroa
Mariana,Espinoza
Laura,Mendoza
Mariana,Guerrero
Pablo,Espinoza
Marta,Vargas
Rodrigo,Blanco
Alicia,Pineda
Alicia,Acosta
Hugo,Miranda
Silvia,Vargas
Andrea,Jimenez
Andrea,Perez
Juan,Ordoñez
Luciana,Suarez
Gabriel,Ruiz
Andres,Morales
Patricio,Rodriguez
Danilo,Ferrer
Andrea,Guerrero
Carmen,Cabrera
Andrea,Vargas
Pedro,Sosa
Julian,Soto
Alicia,Ferrer
Lucia,Flores
Ana,Rivera
Carmen,Silva
Renata,Molina
Silvia,Gomez
Fabio,Perez
Maria,Ferrer
Isabel,Vargas
Alberto,Torres
Marcos,Miranda
Ignacio,Silva
Renata,Paredes
Luciana,Lozano
Pedro,Vargas
Ana,Jimenez
Laura,Blanco
Luciana,Acosta
Felipe,Carrasco
Victoria,Campos
Leonardo,Pineda
Sofia,Rojas
Manuel,Acosta
Lucia,Ferrer
Patricio,Morales
Gabriel,Romero
Sara,Sosa
Emilia,Suarez
Teresa,Jimenez
Valentina,Cabrera
Gonzalo,Paredes
Gonzalo,Garcia
Luciana,Alvarez
Luis,Silva
Lucia,Miranda
Leonardo,Figueroa
Martina,Ramos
Francisco,Rodriguez
Raul,Romero
Alicia,Lozano
Manuel,Cortes
Valentina,Reyes
Sergio,Jimenez
Alberto,Hernandez
Ricardo,Cardenas
Enrique,Ramos
Julian,Herrera
Hugo,Rivera
Emilia,Moreno
Cristobal,Rodriguez
Juan,Medina
Nicolas,Moreno
Andres,Ruiz
Fabio,Ortega
Gabriel,Vargas
Enrique,Blanco
Javier,Sosa
Isabel,Ramos
Sergio,Flores
Juan,Rivera
Patricio,Flores
Rosa,Mendoza
Manuel,Benitez
Rosa,Gomez
Andres,Navarro
Fabio,Cruz
Felipe,Rojas
Teresa,Aguilar
Cristopher,Ortega
Fernando,Silva
Francisco,Lopez
Patricio,Fernandez
Patricio,Lozano
Angela,Mendoza
Sebastian,Rodriguez
Felipe,Silva
Mariana,Campos
Victoria,Vargas
Renata,Mejia
Victoria,Sanchez
Ana,Vasquez
Julian,Miranda
Martina,Vega
Elena,Sosa
Paula,Vega
Luis,Ruiz
Pablo,Castro
Eduardo,Suarez
Eduardo,Ordoñez
Emilia,Acosta
Carmen,Jimenez
Laura,Acosta
Enrique,Cardenas
Lucia,Ramos
Cristobal,Cortes
Cristobal,Moreno
Ignacio,Cruz
Rosa,Sosa
Ana,Romero
Clara,Miranda
Alberto,Rojas
Eduardo,Jimenez
Ana,Ruiz
Ricardo,Nunez
Sara,Ruiz
Marcos,Lopez
Rosa,Pineda
Danilo,Pineda
Esteban,Paredes
Diego,Cardenas
Gabriel,Acosta
Danilo,Espinoza
Camila,Soto
Marcos,Cruz
Hugo,Cardenas
Francisco,Romero
Nicolas,Miranda
Felipe,Vasquez
Paula,Lopez
Rosa,Fernandez
Sara,Suarez
Pablo,Pineda
Valentina,Figueroa
Diego,Sanchez
Nicolas,Fernandez
Hugo,Soto
Danilo,Rodriguez
Sebastian,Acosta
Pedro,Nunez
Silvia,Lozano
Renata,Cardenas
Leonardo,Lozano
Valentina,Benitez
Daniela,Paredes
Luis,Carrasco
Angela,Mendoza
Diego,Morales
Eduardo,Gutierrez
Sara,Martinez
Fernando,Gomez
Luciana,Soto
Alicia,Moreno
Sergio,Castellanos
Pablo,Ortega
Ana,Lopez
Danilo,Aguilar
Cristobal,Navarro
Javier,Castillo
Luis,Lozano
Victoria,Vasquez
Andres,Salazar
Rodrigo,Mejia
Victoria,Rodriguez
Esteban,Mendoza
Carmen,Cortes
Raul,Herrera
Emilia,Castillo
Silvia,Vasquez
Francisco,Campos
Felipe,Vasquez
Martina,Cabrera
Carmen,Silva
Patricio,Blanco
Cristobal,Robles
Fabio,Ferrer
Carlos,Diaz
Felipe,Perez
Ignacio,Castellanos
Andres,Mejia
Fabio,Romero
Lucia,Castro
Camila,Ordoñez
Esteban,Carrasco
Laura,Cabrera
Fabio,Silva
Isabel,Soto
Sergio,Gutierrez
Danilo,Paredes
Raul,Navarro
Valentina,Martinez
Camila,Lopez
Emilia,Castellanos
Camila,Martinez
Renata,Nunez
Andres,Herrera
Rosa,Castellanos
Fernando,Moreno
Gonzalo,Molina
Julian,Acosta
Angela,Vargas
Daniela,Torres
Carlos,Acosta
Leonardo,Mejia
Matias,Torres
Mariana,Pineda
Hugo,Pineda
Luciana,Robles
Isabel,Morales
Pedro,Reyes
Nicolas,Cabrera
Andrea,Soto
Francisco,Hernandez
Emilia,Jimenez
Isabel,Rodriguez
Felipe,Sanchez
Luciana,Moreno
Hugo,Navarro
Teresa,Garcia
Rodrigo,Fernandez
Hugo,Gomez
Victoria,Pineda
Sara,Fernandez
Marta,Ruiz
Isabel,Cabrera
Enrique,Martinez
Victoria,Figueroa
Victoria,Alvarez
Valentina,Vega
Juan,Sosa
Nicolas,Fernandez
Valeria,Torres
Elena,Cabrera
Renata,Ferrer
Eduardo,Castellanos
Raul,Vasquez
Teresa,Espinoza
Martina,Sanchez
Sofia,Carrasco
Juan,Castillo
Andres,Sanchez
Matias,Martinez
Danilo,Torres
Matias,Medina
Elena,Ruiz
Cristobal,Castillo
Matias,Torres
Francisco,Vega
Gabriel,Figueroa
Cristopher,Soto
Patricio,Garcia
Victoria,Herrera
Silvia,Sanchez
Victoria,Blanco
Sebastian,Cardenas
Nicolas,Sosa
Sergio,Vasquez
Isabel,Robles
Marta,Blanco
Lucia,Lopez
Matias,Vasquez
Camila,Figueroa
Andres,Blanco
Hugo,Soto
Pedro,Rodriguez
Carlos,Vega
Manuel,Gomez
Paula,Herrera
Daniela,Moreno
Ignacio,Vargas
Felipe,Herrera
Daniela,Gutierrez
Rodrigo,Medina
Juan,Herrera
Martina,Soto
Carmen,Carrasco
Sergio,Medina
Sofia,Paredes
Luis,Hernandez
Eduardo,Castro
Sebastian,Robles
Juan,Acosta
Patricio,Figueroa
Gabriel,Rodriguez
Francisco,Molina
Pablo,Benitez
Leonardo,Ruiz
Marcos,Cardenas
Julian,Pineda
Catalina,Ferrer
Ricardo,Alvarez
Francisco,Espinoza
Carmen,Figueroa
Luciana,Gomez
Lucia,Acosta
Gonzalo,Cabrera
Angela,Miranda
Sofia,Alvarez
Leonardo,Nunez
Maria,Herrera
Teresa,Diaz
Matias,Carrasco
Ricardo,Ortega
Elena,Castillo
Ignacio,Romero
Rosa,Suarez
Emilia,Morales
Cristopher,Acosta
Danilo,Espinoza
Isabel,Perez
Rodrigo,Cardenas
Catalina,Salazar
Felipe,Castellanos
Juan,Herrera
Fernando,Romero
Rosa,Alvarez
Isabel,Lopez
Carlos,Cruz
Marcos,Castillo
Juan,Castro
Matias,Gomez
Danilo,Gutierrez
Nicolas,Castellanos
Javier,Blanco
Andres,Rodriguez
Leonardo,Aguilar
Luis,Molina
Marcos,Hernandez
Alberto,Aguilar
Andrea,Navarro
Sara,Martinez
Victoria,Romero
Manuel,Castellanos
Catalina,Torres
Renata,Carrasco
Emilia,Lopez
Rosa,Carrasco
Alberto,Molina
Nicolas,Blanco
Carlos,Herrera
Javier,Morales
Nicolas,Fernandez
Felipe,Soto
Renata,Ruiz
Gonzalo,Acosta
Carlos,Figueroa
Laura,Guerrero
Teresa,Mendoza
Pablo,Miranda
Luciana,Carrasco
Cristopher,Robles
Alicia,Jimenez
Rosa,Sanchez
Fabio,Rojas
Camila,Suarez
Francisco,Campos
Sebastian,Ferrer
Julian,Silva
Alberto,Ordoñez
Lucia,Cruz
Lucia,Lopez
Angela,Gutierrez
Pablo,Jimenez
Teresa,Castillo
Hugo,Figueroa
Renata,Cortes
Sebastian,Gutierrez
Carlos,Soto
Laura,Vargas
Sergio,Lopez
Clara,Mendoza
Valentina,Romero
Sofia,Suarez
Emilia,Rojas
Sara,Alvarez
Alicia,Alvarez
Laura,Ramos
Matias,Morales
Andres,Sanchez
Valeria,Reyes
Marcos,Ferrer
Camila,Miranda
Hugo,Castro
Cristobal,Castillo
Carmen,Rodriguez
Maria,Carrasco
Juan,Alvarez
Sebastian,Pineda
Carmen,Nunez
Ricardo,Jimenez
Francisco,Castro
Sergio,Navarro
Alberto,Campos
Manuel,Martinez
Maria,Flores
Matias,Gomez
Alicia,Cabrera
Silvia,Figueroa
Martina,Castillo
Andres,Castellanos
Alicia,Suarez
Leonardo,Medina
Paula,Cardenas
Clara,Carrasco
Matias,Blanco
Victoria,Molina
Elena,Rojas
Renata,Vargas
Carmen,Paredes
Alberto,Garcia
Cristopher,Ferrer
Eduardo,Morales
Marcos,Ramos
Patricio,Molina
Lucia,Ferrer
Rodrigo,Reyes
Diego,Suarez
Javier,Soto
Emilia,Alvarez
Fabio,Cortes
Valentina,Diaz
Rodrigo,Acosta
Lucia,Reyes
Fernando,Medina
Andrea,Rodriguez
Luis,Romero
Eduardo,Martinez
Andrea,Miranda
Catalina,Ferrer
Juan,Aguilar
Javier,Carrasco
Valentina,Campos
Fernando,Gutierrez
Manuel,Espinoza
Alberto,Lozano
Laura,Torres
Lucia,Navarro
Nicolas,Sosa
Nicolas,Suarez
Sofia,Salazar
Danilo,Paredes
Sofia,Nunez
Hugo,Acosta
Pablo,Sosa
Rodrigo,Castro
Angela,Cortes
Manuel,Carrasco
Luciana,Mejia
Gabriel,Mejia
Sara,Silva
Ana,Rojas
Pedro,Rojas
Lucia,Ordoñez
Alicia,Blanco
Sergio,Fernandez
Luis,Soto
Paula,Torres
Ignacio,Martinez
Ricardo,Sanchez
Enrique,Castro
Luciana,Suarez
Felipe,Mendoza
Fernando,Ramos
Fabio,Garcia
Clara,Flores
Ana,Ortega
Valentina,Acosta
Gabriel,Torres
Andrea,Vasquez
Rodrigo,Ordoñez
Esteban,Jimenez
Carmen,Garcia
Sebastian,Medina
Alberto,Vega
Alberto,Sosa
Victoria,Nunez
Angela,Castillo
Valeria,Ruiz
Luciana,Nunez
Hugo,Moreno
Camila,Cruz
Daniela,Nunez
Renata,Campos
Mariana,Molina
Carmen,Castillo
Valeria,Garcia
Carlos,Cortes
Cristopher,Ramos
Martina,Lozano
Paula,Romero
Catalina,Carrasco
Diego,Ortega
Pedro,Figueroa
Victoria,Ordoñez
Teresa,Pineda
Teresa,Navarro
Marcos,Gutierrez
Danilo,Castro
Carmen,Reyes
Angela,Mejia
Renata,Perez
Andres,Hernandez
Catalina,Ortega
Felipe,Figueroa
Matias,Ortega
Enrique,Vargas
Hugo,Cruz
Gabriel,Ruiz
Javier,Ruiz
Marcos,Blanco
Diego,Reyes
Alberto,Ferrer
Renata,Aguilar
Valentina,Carrasco
Paula,Reyes
Sara,Rodriguez
Victoria,Pineda
Marcos,Molina
Valeria,Medina
Sofia,Benitez
Valentina,Fernandez
Juan,Cortes
Sebastian,Benitez
Luis,Paredes
Luciana,Romero
Sara,Navarro
Enrique,Espinoza
Lucia,Jimenez
Clara,Nunez
Gonzalo,Ramos
Gabriel,Rodriguez
Alicia,Soto
Enrique,Vega
Luis,Cruz
Fernando,Rodriguez
Fernando,Benitez
Marta,Acosta
Sofia,Figueroa
Felipe,Sosa
Manuel,Torres
Enrique,Vega
Patricio,Ortega
Danilo,Ordoñez
Esteban,Paredes
Enrique,Perez
Nicolas,Rojas
Camila,Ramos
Felipe,Espinoza
Luciana,Molina
Isabel,Castillo
Raul,Cruz
Renata,Cabrera
Clara,Rivera
Maria,Flores
Valeria,Morales
Marta,Suarez
Emilia,Paredes
Fabio,Alvarez
Daniela,Flores
Carlos,Cruz
Javier,Torres
Cristopher,Gutierrez
Luciana,Navarro
Mariana,Castillo
Enrique,Espinoza
Hugo,Martinez
Isabel,Silva
Matias,Garcia
Hugo,Carrasco
Clara,Diaz
Angela,Espinoza
Valentina,Molina
Emilia,Cortes
Angela,Gutierrez
Cristopher,Gutierrez
Lucia,Gutierrez
Camila,Castellanos
Teresa,Suarez
Maria,Vargas
Marta,Lozano
Leonardo,Pineda
Mariana,Miranda
Daniela,Vargas
Alicia,Lopez
Renata,Herrera
Lucia,Pineda
Juan,Castillo
Clara,Rodriguez
Victoria,Cardenas
Alberto,Morales
Sergio,Vasquez
Gonzalo,Rojas
Marcos,Sosa
Rodrigo,Garcia
Julian,Martinez
Rodrigo,Ramos
Ignacio,Gomez
Rodrigo,Sosa
Hugo,Cabrera
Clara,Flores
Lucia,Soto
Camila,Guerrero
Rodrigo,Lozano
Leonardo,Aguilar
Isabel,Castillo
Nicolas,Flores
Gabriel,Paredes
Camila,Hernandez
Diego,Vargas
Andres,Hernandez
Manuel,Miranda
Hugo,Medina
Cristobal,Medina
Diego,Cabrera
Alicia,Romero
Luciana,Romero
Eduardo,Diaz
Angela,Morales
Andrea,Castellanos
Silvia,Soto
Rosa,Benitez
Luis,Castellanos
Cristobal,Herrera
Sofia,Martinez
Marcos,Ruiz
Danilo,Ferrer
Angela,Hernandez
Marta,Molina
Luis,Navarro
Carmen,Torres
Carmen,Diaz
Cristopher,Vega
Rosa,Silva
Clara,Gutierrez
Isabel,Cruz
Mariana,Perez
Pedro,Gomez
Francisco,Salazar
Victoria,Miranda
Fernando,Mendoza
Marcos,Salazar
Paula,Campos
Cristobal,Rivera
Clara,Ortega
Alberto,Cardenas
Carmen,Mendoza
Marta,Figueroa
Daniela,Campos
Luis,Cruz
Luciana,Nunez
Ricardo,Lozano
Emilia,Molina
Gabriel,Mejia
Gonzalo,Rivera
Renata,Blanco
Danilo,Rodriguez
Valentina,Jimenez
Valentina,Hernandez
Silvia,Ferrer
Luis,Aguilar
Hugo,Campos
Victoria,Alvarez
Eduardo,Ordoñez
Fabio,Miranda
Nicolas,Cabrera
Juan,Suarez
Pablo,Ruiz
Andrea,Vega
Diego,Acosta
Paula,Herrera
Mariana,Flores
Valeria,Jimenez
Camila,Cortes
Marcos,Cruz
Paula,Navarro
Fabio,Morales
Catalina,Fernandez
Nicolas,Castro
Emilia,Campos
Alicia,Soto
Eduardo,Miranda
Carlos,Gomez
Felipe,Molina
Silvia,Silva
Javier,Medina
Alicia,Pineda
Ignacio,Reyes
Teresa,Gutierrez
Diego,Rivera
Ricardo,Sanchez
Rosa,Benitez
Nicolas,Soto
Matias,Rojas
Laura,Cortes
Rodrigo,Martinez
Felipe,Romero
Gabriel,Ramos
Fabio,Aguilar
Felipe,Jimenez
Catalina,Cabrera
Rosa,Romero
Sofia,Suarez
Eduardo,Diaz
Mariana,Sosa
Ignacio,Cortes
Fernando,Nunez
Valentina,Moreno
Lucia,Lopez
Marta,Benitez
Leonardo,Moreno
Mariana,Jimenez
Leonardo,Vargas
Clara,Jimenez
Pedro,Gomez
Sergio,Ferrer
Pablo,Martinez
Cristobal,Rivera
Angela,Fernandez
Renata,Ferrer
Catalina,Lozano
Valentina,Cruz
Sara,Hernandez
Martina,Salazar
Eduardo,Paredes
Paula,Alvarez
Nicolas,Gomez
Maria,Castro
Sebastian,Morales
Teresa,Salazar
Paula,Herrera
Emilia,Cardenas
Alicia,Soto
Angela,Guerrero
Manuel,Flores
Cristopher,Cardenas
Teresa,Reyes
Alicia,Herrera
Hugo,Romero
Nicolas,Castro
Ignacio,Mejia
Francisco,Cruz
Ana,Ferrer
Rodrigo,Herrera
Diego,Reyes
Julian,Herrera
Cristobal,Castillo
Carlos,Castillo
Martina,Gutierrez
Felipe,Navarro
Mariana,Medina
Enrique,Paredes
Marcos,Campos
Gabriel,Morales
Gonzalo,Sosa
Felipe,Salazar
Cristobal,Aguilar
Gabriel,Ferrer
Martina,Ortega
Manuel,Suarez
Pablo,Morales
Francisco,Alvarez
Ana,Nunez
Valentina,Salazar
Martina,Lozano
Daniela,Blanco
Diego,Lopez
Renata,Rivera
Elena,Suarez
Renata,Blanco
Victoria,Carrasco
Rosa,Alvarez
Nicolas,Ramos
Leonardo,Medina
Sebastian,Jimenez
Luis,Mendoza
Elena,Romero
Juan,Figueroa
Maria,Cruz
Pedro,Pineda
Patricio,Mendoza
Cristopher,Cruz
Patricio,Salazar
Rodrigo,Robles
Cristobal,Castro
Juan,Gomez
Alicia,Suarez
Andrea,Navarro
Daniela,Campos
Javier,Romero
Silvia,Moreno
Javier,Carrasco
Lucia,Lopez
Cristopher,Carrasco
Raul,Ferrer
Angela,Diaz
Rodrigo,Paredes
Valeria,Medina
Rodrigo,Pineda
Eduardo,Ruiz
Marcos,Fernandez
Andrea,Torres
Rosa,Castellanos
Fernando,Romero
Cristobal,Ordoñez
Cristopher,Sanchez
Lucia,Paredes
Eduardo,Ramos
Teresa,Mejia
Diego,Rojas
Eduardo,Guerrero
Lucia,Sanchez
Emilia,Soto
Gabriel,Sanchez
Isabel,Perez
Julian,Benitez
Luis,Campos
Nicolas,Gomez
Rosa,Morales
Sara,Castro
Silvia,Silva
Valeria,Guerrero
Victoria,Benitez
Cristopher,Morales
Andrea,Mendoza
Andres,Cardenas
Felipe,Rivera
Gonzalo,Paredes
Daniela,Diaz
Luis,Mendoza
Nicolas,Silva
Andres,Gomez
Silvia,Aguilar
Pablo,Cortes
Isabel,Cortes
Catalina,Guerrero
Mariana,Aguilar
Javier,Diaz
Catalina,Silva
Raul,Ordoñez
Julian,Torres
Diego,Molina
Gabriel,Rivera
Luciana,Carrasco
Juan,Cardenas
Javier,Ruiz
Valentina,Perez
Cristopher,Robles
Fernando,Ruiz
Diego,Cardenas
Manuel,Miranda
Ricardo,Cortes
Laura,Lopez
Alicia,Lopez
Javier,Cruz
Emilia,Diaz
